geocod,geodsg,valor,municip,ars,nuts3,aces2,nuts1,nuts2,cod_geo_nuts2002
1111601,Arcos de Valdevez,52.49,Arcos de Valdevez,Norte,Alto Minho,ULS Alto Minho,Continente,Norte,1111601
1111601,Arcos de Valdevez,52.49,Arcos de Valdevez,Norte,Alto Minho,ULS Alto Minho,Continente,Norte,1111601
1111602,Caminha,76.86,Caminha,Norte,Alto Minho,ULS Alto Minho,Continente,Norte,1111602
1111603,Melgaço,57.92,Melgaço,Norte,Alto Minho,ULS Alto Minho,Continente,Norte,1111603
1111604,Monção,61.6,Monção,Norte,Alto Minho,ULS Alto Minho,Continente,Norte,1111604
1111605,Paredes de Coura,55.42,Paredes de Coura,Norte,Alto Minho,ULS Alto Minho,Continente,Norte,1111605
1111606,Ponte da Barca,53.51,Ponte da Barca,Norte,Alto Minho,ULS Alto Minho,Continente,Norte,1111606
1111607,Ponte de Lima,58.4,Ponte de Lima,Norte,Alto Minho,ULS Alto Minho,Continente,Norte,1111607
1111608,Valença,74.11,Valença,Norte,Alto Minho,ULS Alto Minho,Continente,Norte,1111608
1111609,Viana do Castelo,87.45,Viana do Castelo,Norte,Alto Minho,ULS Alto Minho,Continente,Norte,1111609
1111610,Vila Nova de Cerveira,70.23,Vila Nova de Cerveira,Norte,Alto Minho,ULS Alto Minho,Continente,Norte,1111610
1120301,Amares,59.11,Amares,Norte,Cávado,ACeS Gerês/Cabreira,Continente,Norte,1120301
1120302,Barcelos,67.05,Barcelos,Norte,Cávado,ACeS Barcelos/Esposende,Continente,Norte,1120302
1120303,Braga,105.83,Braga,Norte,Cávado,ACeS Braga,Continente,Norte,1120303
1120306,Esposende,79.57,Esposende,Norte,Cávado,ACeS Barcelos/Esposende,Continente,Norte,1120306
1120310,Terras de Bouro,47.36,Terras de Bouro,Norte,Cávado,ACeS Gerês/Cabreira,Continente,Norte,1120310
1120313,Vila Verde,56.01,Vila Verde,Norte,Cávado,ACeS Gerês/Cabreira,Continente,Norte,1120313
1190304,Cabeceiras de Basto,52.88,Cabeceiras de Basto,Norte,Ave,ACeS Guimarães/Vizela/Terras de Basto,Continente,Norte,1150304
1190307,Fafe,64.24,Fafe,Norte,Ave,ACeS Guimarães/Vizela/Terras de Basto,Continente,Norte,1130307
1190308,Guimarães,77.5,Guimarães,Norte,Ave,ACeS Guimarães/Vizela/Terras de Basto,Continente,Norte,1130308
1191705,Mondim de Basto,50.31,Mondim de Basto,Norte,Ave,ACeS Guimarães/Vizela/Terras de Basto,Continente,Norte,1151705
1190309,Póvoa de Lanhoso,59.38,Póvoa de Lanhoso,Norte,Ave,ACeS Gerês/Cabreira,Continente,Norte,1130309
1190311,Vieira do Minho,52.95,Vieira do Minho,Norte,Ave,ACeS Gerês/Cabreira,Continente,Norte,1130311
1190312,Vila Nova de Famalicão,81.55,Vila Nova de Famalicão,Norte,Ave,ACeS Famalicão,Continente,Norte,1130312
1190314,Vizela,69.34,Vizela,Norte,Ave,ACeS Guimarães/Vizela/Terras de Basto,Continente,Norte,1130314
11A0104,Arouca,53.63,Arouca,Norte,Área Metropolitana do Porto,ACeS Feira/Arouca,Continente,Norte,1160104
11A0107,Espinho,108.03,Espinho,Norte,Área Metropolitana do Porto,ACeS Gaia e Espinho/Gaia,Continente,Norte,1140107
11A1304,Gondomar,87.48,Gondomar,Norte,Área Metropolitana do Porto,ACeS Gondomar,Continente,Norte,1141304
11A1306,Maia,114.57,Maia,Norte,Área Metropolitana do Porto,ACeS Maia/Valongo,Continente,Norte,1141306
11A1308,Matosinhos,121.19,Matosinhos,Norte,Área Metropolitana do Porto,ULS Matosinhos,Continente,Norte,1141308
11A0113,Oliveira de Azeméis,75.01,Oliveira de Azeméis,Norte,Área Metropolitana do Porto,ACeS Aveiro Norte,Continente,Norte,1160113
11A1310,Paredes,66.23,Paredes,Norte,Área Metropolitana do Porto,ACeS Vale do Sousa Sul,Continente,Norte,1151310
11A1312,Porto,164.26,Porto,Norte,Área Metropolitana do Porto,ACeS Porto Ocidental e Porto Oriental,Continente,Norte,1141312
11A1313,Póvoa de Varzim,86.21,Póvoa de Varzim,Norte,Área Metropolitana do Porto,ACeS Póvoa de Varzim/Vila do Conde,Continente,Norte,1141313
11A0109,Santa Maria da Feira,81.49,Santa Maria da Feira,Norte,Área Metropolitana do Porto,ACeS Feira/Arouca,Continente,Norte,1160109
11A1314,Santo Tirso,73.47,Santo Tirso,Norte,Área Metropolitana do Porto,ACeS Santo Tirso/Trofa,Continente,Norte,1131314
11A0116,São João da Madeira,115.71,São João da Madeira,Norte,Área Metropolitana do Porto,ACeS Aveiro Norte,Continente,Norte,1160116
11A1318,Trofa,75.32,Trofa,Norte,Área Metropolitana do Porto,ACeS Santo Tirso/Trofa,Continente,Norte,1131318
11A0119,Vale de Cambra,74.38,Vale de Cambra,Norte,Área Metropolitana do Porto,ACeS Aveiro Norte,Continente,Norte,1160119
11A1315,Valongo,85.42,Valongo,Norte,Área Metropolitana do Porto,ACeS Maia/Valongo,Continente,Norte,1141315
11A1316,Vila do Conde,86.7,Vila do Conde,Norte,Área Metropolitana do Porto,ACeS Póvoa de Varzim/Vila do Conde,Continente,Norte,1141316
11A1317,Vila Nova de Gaia,97.32,Vila Nova de Gaia,Norte,Área Metropolitana do Porto,ACeS Gaia e Espinho/Gaia,Continente,Norte,1141317
11B1702,Boticas,51.03,Boticas,Norte,Alto Tâmega,ACeS Alto Tâmega e Barroso,Continente,Norte,1181702
11B1703,Chaves,74.55,Chaves,Norte,Alto Tâmega,ACeS Alto Tâmega e Barroso,Continente,Norte,1181703
11B1706,Montalegre,50.97,Montalegre,Norte,Alto Tâmega,ACeS Alto Tâmega e Barroso,Continente,Norte,1181706
11B1709,Ribeira de Pena,48.23,Ribeira de Pena,Norte,Alto Tâmega,ACeS Alto Tâmega e Barroso,Continente,Norte,1151709
11B1712,Valpaços,51.63,Valpaços,Norte,Alto Tâmega,ACeS Alto Tâmega e Barroso,Continente,Norte,1181712
11B1713,Vila Pouca de Aguiar,54.8,Vila Pouca de Aguiar,Norte,Alto Tâmega,ACeS Alto Tâmega e Barroso,Continente,Norte,1181713
11C1301,Amarante,60.97,Amarante,Norte,Tâmega e Sousa,ACeS Baixo Tâmega,Continente,Norte,1151301
11C1302,Baião,49.26,Baião,Norte,Tâmega e Sousa,ACeS Baixo Tâmega,Continente,Norte,1151302
11C0106,Castelo de Paiva,56.2,Castelo de Paiva,Norte,Tâmega e Sousa,ACeS Vale do Sousa Sul,Continente,Norte,1150106
11C0305,Celorico de Basto,48.5,Celorico de Basto,Norte,Tâmega e Sousa,ACeS Baixo Tâmega,Continente,Norte,1150305
11C1804,Cinfães,48.29,Cinfães,Norte,Tâmega e Sousa,ACeS Baixo Tâmega,Continente,Norte,1151804
11C1303,Felgueiras,80.86,Felgueiras,Norte,Tâmega e Sousa,ACeS Vale do Sousa Norte,Continente,Norte,1151303
11C1305,Lousada,58,Lousada,Norte,Tâmega e Sousa,ACeS Vale do Sousa Norte,Continente,Norte,1151305
11C1307,Marco de Canaveses,60.2,Marco de Canaveses,Norte,Tâmega e Sousa,ACeS Baixo Tâmega,Continente,Norte,1151307
11C1309,Paços de Ferreira,62.88,Paços de Ferreira,Norte,Tâmega e Sousa,ACeS Vale do Sousa Norte,Continente,Norte,1151309
11C1311,Penafiel,62.68,Penafiel,Norte,Tâmega e Sousa,ACeS Vale do Sousa Sul,Continente,Norte,1151311
11C1813,Resende,47.25,Resende,Norte,Tâmega e Sousa,ACeS Baixo Tâmega,Continente,Norte,1151813
11D1701,Alijó,50.96,Alijó,Norte,Douro,ACeS Marão e Douro Norte,Continente,Norte,1171701
11D1801,Armamar,49.21,Armamar,Norte,Douro,ACeS Douro Sul,Continente,Norte,1171801
11D0403,Carrazeda de Ansiães,48.6,Carrazeda de Ansiães,Norte,Douro,ULS Nordeste,Continente,Norte,1170403
11D0404,Freixo de Espada à Cinta,47.26,Freixo de Espada à Cinta,Norte,Douro,ULS Nordeste,Continente,Norte,1170404
11D1805,Lamego,77.77,Lamego,Norte,Douro,ACeS Douro Sul,Continente,Norte,1171805
11D1704,Mesão Frio,56.19,Mesão Frio,Norte,Douro,ACeS Marão e Douro Norte,Continente,Norte,1171704
11D1807,Moimenta da Beira,59.37,Moimenta da Beira,Norte,Douro,ACeS Douro Sul,Continente,Norte,1171807
11D1707,Murça,54.05,Murça,Norte,Douro,ACeS Marão e Douro Norte,Continente,Norte,1181707
11D1812,Penedono,50.51,Penedono,Norte,Douro,ACeS Douro Sul,Continente,Norte,1171812
11D1708,Peso da Régua,73.8,Peso da Régua,Norte,Douro,ACeS Marão e Douro Norte,Continente,Norte,1171708
11D1710,Sabrosa,52.13,Sabrosa,Norte,Douro,ACeS Marão e Douro Norte,Continente,Norte,1171710
11D1711,Santa Marta de Penaguião,51.9,Santa Marta de Penaguião,Norte,Douro,ACeS Marão e Douro Norte,Continente,Norte,1171711
11D1815,São João da Pesqueira,50.97,São João da Pesqueira,Norte,Douro,ACeS Douro Sul,Continente,Norte,1171815
11D1818,Sernancelhe,48.44,Sernancelhe,Norte,Douro,ACeS Douro Sul,Continente,Norte,1171818
11D1819,Tabuaço,49.19,Tabuaço,Norte,Douro,ACeS Douro Sul,Continente,Norte,1171819
11D1820,Tarouca,56.6,Tarouca,Norte,Douro,ACeS Douro Sul,Continente,Norte,1171820
11D0409,Torre de Moncorvo,53.18,Torre de Moncorvo,Norte,Douro,ULS Nordeste,Continente,Norte,1170409
11D0914,Vila Nova de Foz Côa,53.74,Vila Nova de Foz Côa,Centro,Douro,ULS Guarda,Continente,Norte,1170914
11D1714,Vila Real,96.09,Vila Real,Norte,Douro,ACeS Marão e Douro Norte,Continente,Norte,1171714
11E0401,Alfândega da Fé,51.75,Alfândega da Fé,Norte,Terras de Trás-os-Montes,ULS Nordeste,Continente,Norte,1180401
11E0402,Bragança,100.99,Bragança,Norte,Terras de Trás-os-Montes,ULS Nordeste,Continente,Norte,1180402
11E0405,Macedo de Cavaleiros,68.97,Macedo de Cavaleiros,Norte,Terras de Trás-os-Montes,ULS Nordeste,Continente,Norte,1180405
11E0406,Miranda do Douro,66.44,Miranda do Douro,Norte,Terras de Trás-os-Montes,ULS Nordeste,Continente,Norte,1180406
11E0407,Mirandela,73.88,Mirandela,Norte,Terras de Trás-os-Montes,ULS Nordeste,Continente,Norte,1180407
11E0408,Mogadouro,55.64,Mogadouro,Norte,Terras de Trás-os-Montes,ULS Nordeste,Continente,Norte,1180408
11E0410,Vila Flor,53.32,Vila Flor,Norte,Terras de Trás-os-Montes,ULS Nordeste,Continente,Norte,1170410
11E0411,Vimioso,60.18,Vimioso,Norte,Terras de Trás-os-Montes,ULS Nordeste,Continente,Norte,1180411
11E0412,Vinhais,48.63,Vinhais,Norte,Terras de Trás-os-Montes,ULS Nordeste,Continente,Norte,1180412
16B1001,Alcobaça,80.27,Alcobaça,Lisboa e Vale do Tejo,Oeste,ACeS Oeste Norte,Continente,Centro,16B1001
16B1101,Alenquer,93.71,Alenquer,Lisboa e Vale do Tejo,Oeste,ACeS Estuário do Tejo,Continente,Centro,16B1101
16B1102,Arruda dos Vinhos,90,Arruda dos Vinhos,Lisboa e Vale do Tejo,Oeste,ACeS Estuário do Tejo,Continente,Centro,16B1102
16B1005,Bombarral,73.73,Bombarral,Lisboa e Vale do Tejo,Oeste,ACeS Oeste Norte,Continente,Centro,16B1005
16B1104,Cadaval,66.45,Cadaval,Lisboa e Vale do Tejo,Oeste,ACeS Oeste Sul,Continente,Centro,16B1104
16B1006,Caldas da Rainha,103.55,Caldas da Rainha,Lisboa e Vale do Tejo,Oeste,ACeS Oeste Norte,Continente,Centro,16B1006
16B1108,Lourinhã,80.44,Lourinhã,Lisboa e Vale do Tejo,Oeste,ACeS Oeste Sul,Continente,Centro,16B1108
16B1011,Nazaré,97.76,Nazaré,Lisboa e Vale do Tejo,Oeste,ACeS Oeste Norte,Continente,Centro,16B1011
16B1012,Óbidos,76.7,Óbidos,Lisboa e Vale do Tejo,Oeste,ACeS Oeste Norte,Continente,Centro,16B1012
16B1014,Peniche,91.7,Peniche,Lisboa e Vale do Tejo,Oeste,ACeS Oeste Norte,Continente,Centro,16B1014
16B1112,Sobral de Monte Agraço,75.99,Sobral de Monte Agraço,Lisboa e Vale do Tejo,Oeste,ACeS Oeste Sul,Continente,Centro,16B1112
16B1113,Torres Vedras,89.53,Torres Vedras,Lisboa e Vale do Tejo,Oeste,ACeS Oeste Sul,Continente,Centro,16B1113
16D0101,Águeda,76.84,Águeda,Centro,Região de Aveiro,ACeS Baixo Vouga,Continente,Centro,1610101
16D0102,Albergaria-a-Velha,75.54,Albergaria-a-Velha,Centro,Região de Aveiro,ACeS Baixo Vouga,Continente,Centro,1610102
16D0103,Anadia,71.15,Anadia,Centro,Região de Aveiro,ACeS Baixo Vouga,Continente,Centro,1610103
16D0105,Aveiro,125.28,Aveiro,Centro,Região de Aveiro,ACeS Baixo Vouga,Continente,Centro,1610105
16D0108,Estarreja,73.17,Estarreja,Centro,Região de Aveiro,ACeS Baixo Vouga,Continente,Centro,1610108
16D0110,Ílhavo,90.17,Ílhavo,Centro,Região de Aveiro,ACeS Baixo Vouga,Continente,Centro,1610110
16D0112,Murtosa,69.41,Murtosa,Centro,Região de Aveiro,ACeS Baixo Vouga,Continente,Centro,1610112
16D0114,Oliveira do Bairro,77.12,Oliveira do Bairro,Centro,Região de Aveiro,ACeS Baixo Vouga,Continente,Centro,1610114
16D0115,Ovar,81.54,Ovar,Centro,Região de Aveiro,ACeS Baixo Vouga,Continente,Centro,1610115
16D0117,Sever do Vouga,62.32,Sever do Vouga,Centro,Região de Aveiro,ACeS Baixo Vouga,Continente,Centro,1610117
16D0118,Vagos,67.37,Vagos,Centro,Região de Aveiro,ACeS Baixo Vouga,Continente,Centro,1610118
16E0601,Arganil,58.87,Arganil,Centro,Região de Coimbra,ACeS Pinhal Interior Norte,Continente,Centro,1640601
16E0602,Cantanhede,71.22,Cantanhede,Centro,Região de Coimbra,ACeS Baixo Mondego,Continente,Centro,1620602
16E0603,Coimbra,137.64,Coimbra,Centro,Região de Coimbra,ACeS Baixo Mondego,Continente,Centro,1620603
16E0604,Condeixa-a-Nova,82.3,Condeixa-a-Nova,Centro,Região de Coimbra,ACeS Baixo Mondego,Continente,Centro,1620604
16E0605,Figueira da Foz,99.29,Figueira da Foz,Centro,Região de Coimbra,ACeS Baixo Mondego,Continente,Centro,1620605
16E0606,Góis,54.26,Góis,Centro,Região de Coimbra,ACeS Pinhal Interior Norte,Continente,Centro,1640606
16E0607,Lousã,81.23,Lousã,Centro,Região de Coimbra,ACeS Pinhal Interior Norte,Continente,Centro,1640607
16E0111,Mealhada,76.78,Mealhada,Centro,Região de Coimbra,ACeS Baixo Mondego,Continente,Centro,1610111
16E0608,Mira,71.02,Mira,Centro,Região de Coimbra,ACeS Baixo Mondego,Continente,Centro,1620608
16E0609,Miranda do Corvo,65.89,Miranda do Corvo,Centro,Região de Coimbra,ACeS Pinhal Interior Norte,Continente,Centro,1640609
16E0610,Montemor-o-Velho,65.37,Montemor-o-Velho,Centro,Região de Coimbra,ACeS Baixo Mondego,Continente,Centro,1620610
16E1808,Mortágua,59.65,Mortágua,Centro,Região de Coimbra,ACeS Baixo Mondego,Continente,Centro,1651808
16E0611,Oliveira do Hospital,63.06,Oliveira do Hospital,Centro,Região de Coimbra,ACeS Pinhal Interior Norte,Continente,Centro,1640611
16E0612,Pampilhosa da Serra,55.82,Pampilhosa da Serra,Centro,Região de Coimbra,ACeS Pinhal Interior Norte,Continente,Centro,1640612
16E0613,Penacova,54.71,Penacova,Centro,Região de Coimbra,ACeS Baixo Mondego,Continente,Centro,1620613
16E0614,Penela,53.3,Penela,Centro,Região de Coimbra,ACeS Pinhal Interior Norte,Continente,Centro,1640614
16E0615,Soure,66.05,Soure,Centro,Região de Coimbra,ACeS Baixo Mondego,Continente,Centro,1620615
16E0616,Tábua,55.94,Tábua,Centro,Região de Coimbra,ACeS Pinhal Interior Norte,Continente,Centro,1640616
16E0617,Vila Nova de Poiares,67.92,Vila Nova de Poiares,Centro,Região de Coimbra,ACeS Pinhal Interior Norte,Continente,Centro,1640617
16F1002,Alvaiázere,60.26,Alvaiázere,Centro,Região de Leiria,ACeS Pinhal Interior Norte,Continente,Centro,1641002
16F1003,Ansião,64.69,Ansião,Centro,Região de Leiria,ACeS Pinhal Interior Norte,Continente,Centro,1641003
16F1004,Batalha,86.92,Batalha,Centro,Região de Leiria,ACeS Pinhal Litoral,Continente,Centro,1631004
16F1007,Castanheira de Pêra,61.62,Castanheira de Pêra,Centro,Região de Leiria,ACeS Pinhal Interior Norte,Continente,Centro,1641007
16F1008,Figueiró dos Vinhos,55.51,Figueiró dos Vinhos,Centro,Região de Leiria,ACeS Pinhal Interior Norte,Continente,Centro,1641008
16F1009,Leiria,99.32,Leiria,Centro,Região de Leiria,ACeS Pinhal Litoral,Continente,Centro,1631009
16F1010,Marinha Grande,104.76,Marinha Grande,Centro,Região de Leiria,ACeS Pinhal Litoral,Continente,Centro,1631010
16F1013,Pedrógão Grande,54.41,Pedrógão Grande,Centro,Região de Leiria,ACeS Pinhal Interior Norte,Continente,Centro,1641013
16F1015,Pombal,70.93,Pombal,Centro,Região de Leiria,ACeS Pinhal Litoral,Continente,Centro,1631015
16F1016,Porto de Mós,71.45,Porto de Mós,Centro,Região de Leiria,ACeS Pinhal Litoral,Continente,Centro,1631016
16G0901,Aguiar da Beira,49.92,Aguiar da Beira,Centro,Viseu Dão Lafões,ACeS Dão Lafões,Continente,Centro,1650901
16G1802,Carregal do Sal,64.73,Carregal do Sal,Centro,Viseu Dão Lafões,ACeS Dão Lafões,Continente,Centro,1651802
16G1803,Castro Daire,53.15,Castro Daire,Centro,Viseu Dão Lafões,ACeS Dão Lafões,Continente,Centro,1651803
16G1806,Mangualde,71.39,Mangualde,Centro,Viseu Dão Lafões,ACeS Dão Lafões,Continente,Centro,1651806
16G1809,Nelas,68.14,Nelas,Centro,Viseu Dão Lafões,ACeS Dão Lafões,Continente,Centro,1651809
16G1810,Oliveira de Frades,63.42,Oliveira de Frades,Centro,Viseu Dão Lafões,ACeS Dão Lafões,Continente,Centro,1651810
16G1811,Penalva do Castelo,50.18,Penalva do Castelo,Centro,Viseu Dão Lafões,ACeS Dão Lafões,Continente,Centro,1651811
16G1814,Santa Comba Dão,66.29,Santa Comba Dão,Centro,Viseu Dão Lafões,ACeS Dão Lafões,Continente,Centro,1651814
16G1816,São Pedro do Sul,55.03,São Pedro do Sul,Centro,Viseu Dão Lafões,ACeS Dão Lafões,Continente,Centro,1651816
16G1817,Sátão,58.6,Sátão,Centro,Viseu Dão Lafões,ACeS Dão Lafões,Continente,Centro,1651817
16G1821,Tondela,61.07,Tondela,Centro,Viseu Dão Lafões,ACeS Dão Lafões,Continente,Centro,1651821
16G1822,Vila Nova de Paiva,49.81,Vila Nova de Paiva,Centro,Viseu Dão Lafões,ACeS Dão Lafões,Continente,Centro,1651822
16G1823,Viseu,94.31,Viseu,Centro,Viseu Dão Lafões,ACeS Dão Lafões,Continente,Centro,1651823
16G1824,Vouzela,52.25,Vouzela,Centro,Viseu Dão Lafões,ACeS Dão Lafões,Continente,Centro,1651824
16H0502,Castelo Branco,99.99,Castelo Branco,Centro,Beira Baixa,ACeS Beira Interior Sul (ULS Castelo Branco),Continente,Centro,1690502
16H0505,Idanha-a-Nova,55.68,Idanha-a-Nova,Centro,Beira Baixa,ACeS Beira Interior Sul (ULS Castelo Branco),Continente,Centro,1690505
16H0506,Oleiros,51.08,Oleiros,Centro,Beira Baixa,ACeS Pinhal Interior Sul (ULS Castelo Branco),Continente,Centro,1660506
16H0507,Penamacor,51.23,Penamacor,Centro,Beira Baixa,ACeS Beira Interior Sul (ULS Castelo Branco),Continente,Centro,1690507
16H0508,Proença-a-Nova,56.53,Proença-a-Nova,Centro,Beira Baixa,ACeS Pinhal Interior Sul (ULS Castelo Branco),Continente,Centro,1660508
16H0511,Vila Velha de Ródão,59.01,Vila Velha de Ródão,Centro,Beira Baixa,ACeS Beira Interior Sul (ULS Castelo Branco),Continente,Centro,1690511
16I1401,Abrantes,86.06,Abrantes,Lisboa e Vale do Tejo,Médio Tejo,ACeS Médio Tejo,Continente,Centro,16C1401
16I1402,Alcanena,74.01,Alcanena,Lisboa e Vale do Tejo,Médio Tejo,ACeS Médio Tejo,Continente,Centro,16C1402
16I1408,Constância,82.86,Constância,Lisboa e Vale do Tejo,Médio Tejo,ACeS Médio Tejo,Continente,Centro,16C1408
16I1410,Entroncamento,122.16,Entroncamento,Lisboa e Vale do Tejo,Médio Tejo,ACeS Médio Tejo,Continente,Centro,16C1410
16I1411,Ferreira do Zêzere,56.94,Ferreira do Zêzere,Lisboa e Vale do Tejo,Médio Tejo,ACeS Médio Tejo,Continente,Centro,16C1411
16I1413,Mação,61.34,Mação,Lisboa e Vale do Tejo,Médio Tejo,ACeS Médio Tejo,Continente,Centro,1661413
16I1421,Ourém,70.84,Ourém,Lisboa e Vale do Tejo,Médio Tejo,ACeS Médio Tejo,Continente,Centro,16C1421
16I1417,Sardoal,70.09,Sardoal,Lisboa e Vale do Tejo,Médio Tejo,ACeS Médio Tejo,Continente,Centro,16C1417
16I0509,Sertã,58.12,Sertã,Centro,Médio Tejo,ACeS Pinhal Interior Sul (ULS Castelo Branco),Continente,Centro,1660509
16I1418,Tomar,84.89,Tomar,Lisboa e Vale do Tejo,Médio Tejo,ACeS Médio Tejo,Continente,Centro,16C1418
16I1419,Torres Novas,88.37,Torres Novas,Lisboa e Vale do Tejo,Médio Tejo,ACeS Médio Tejo,Continente,Centro,16C1419
16I0510,Vila de Rei,57.01,Vila de Rei,Centro,Médio Tejo,ACeS Pinhal Interior Sul (ULS Castelo Branco),Continente,Centro,1660510
16I1420,Vila Nova da Barquinha,73.27,Vila Nova da Barquinha,Lisboa e Vale do Tejo,Médio Tejo,ACeS Médio Tejo,Continente,Centro,16C1420
16J0902,Almeida,69.68,Almeida,Centro,Beiras e Serra da Estrela,ULS Guarda,Continente,Centro,1680902
16J0501,Belmonte,58.88,Belmonte,Centro,Beiras e Serra da Estrela,ACeS Cova Da Beira,Continente,Centro,16A0501
16J0903,Celorico da Beira,56.76,Celorico da Beira,Centro,Beiras e Serra da Estrela,ULS Guarda,Continente,Centro,1680903
16J0503,Covilhã,83.8,Covilhã,Centro,Beiras e Serra da Estrela,ACeS Cova Da Beira,Continente,Centro,16A0503
16J0904,Figueira de Castelo Rodrigo,54.82,Figueira de Castelo Rodrigo,Centro,Beiras e Serra da Estrela,ULS Guarda,Continente,Centro,1680904
16J0905,Fornos de Algodres,55.07,Fornos de Algodres,Centro,Beiras e Serra da Estrela,ULS Guarda,Continente,Centro,1670905
16J0504,Fundão,71.03,Fundão,Centro,Beiras e Serra da Estrela,ACeS Cova Da Beira,Continente,Centro,16A0504
16J0906,Gouveia,58.36,Gouveia,Centro,Beiras e Serra da Estrela,ULS Guarda,Continente,Centro,1670906
16J0907,Guarda,92.15,Guarda,Centro,Beiras e Serra da Estrela,ULS Guarda,Continente,Centro,1680907
16J0908,Manteigas,54.03,Manteigas,Centro,Beiras e Serra da Estrela,ULS Guarda,Continente,Centro,1680908
16J0909,Mêda,51.13,Mêda,Centro,Beiras e Serra da Estrela,ULS Guarda,Continente,Centro,1680909
16J0910,Pinhel,56.23,Pinhel,Centro,Beiras e Serra da Estrela,ULS Guarda,Continente,Centro,1680910
16J0911,Sabugal,50.04,Sabugal,Centro,Beiras e Serra da Estrela,ULS Guarda,Continente,Centro,1680911
16J0912,Seia,64.96,Seia,Centro,Beiras e Serra da Estrela,ULS Guarda,Continente,Centro,1670912
16J0913,Trancoso,58.45,Trancoso,Centro,Beiras e Serra da Estrela,ULS Guarda,Continente,Centro,1680913
1701502,Alcochete,141.46,Alcochete,Lisboa e Vale do Tejo,Área Metropolitana de Lisboa,ACeS Arco Ribeirinho,Continente,Área Metropolitana de Lisboa,1721502
1701503,Almada,128.2,Almada,Lisboa e Vale do Tejo,Área Metropolitana de Lisboa,ACeS Almada/Seixal,Continente,Área Metropolitana de Lisboa,1721503
1701115,Amadora,111.98,Amadora,Lisboa e Vale do Tejo,Área Metropolitana de Lisboa,ACeS Amadora,Continente,Área Metropolitana de Lisboa,1711115
1701504,Barreiro,116,Barreiro,Lisboa e Vale do Tejo,Área Metropolitana de Lisboa,ACeS Arco Ribeirinho,Continente,Área Metropolitana de Lisboa,1721504
1701105,Cascais,157.12,Cascais,Lisboa e Vale do Tejo,Área Metropolitana de Lisboa,ACeS Cascais,Continente,Área Metropolitana de Lisboa,1711105
1701106,Lisboa,216.04,Lisboa,Lisboa e Vale do Tejo,Área Metropolitana de Lisboa,ACeS Lisboa Norte + Lisboa Central,Continente,Área Metropolitana de Lisboa,1711106
1701107,Loures,114.05,Loures,Lisboa e Vale do Tejo,Área Metropolitana de Lisboa,ACeS Loures/Odivelas,Continente,Área Metropolitana de Lisboa,1711107
1701109,Mafra,108.94,Mafra,Lisboa e Vale do Tejo,Área Metropolitana de Lisboa,ACeS Oeste Sul,Continente,Área Metropolitana de Lisboa,1711109
1701506,Moita,90.56,Moita,Lisboa e Vale do Tejo,Área Metropolitana de Lisboa,ACeS Arco Ribeirinho,Continente,Área Metropolitana de Lisboa,1721506
1701507,Montijo,132.8,Montijo,Lisboa e Vale do Tejo,Área Metropolitana de Lisboa,ACeS Arco Ribeirinho,Continente,Área Metropolitana de Lisboa,1721507
1701116,Odivelas,99.53,Odivelas,Lisboa e Vale do Tejo,Área Metropolitana de Lisboa,ACeS Loures/Odivelas,Continente,Área Metropolitana de Lisboa,1711116
1701110,Oeiras,173.33,Oeiras,Lisboa e Vale do Tejo,Área Metropolitana de Lisboa,Lisboa Ocidental/Oeiras,Continente,Área Metropolitana de Lisboa,1711110
1701508,Palmela,108.69,Palmela,Lisboa e Vale do Tejo,Área Metropolitana de Lisboa,ACeS Arrábida,Continente,Área Metropolitana de Lisboa,1721508
1701510,Seixal,107.49,Seixal,Lisboa e Vale do Tejo,Área Metropolitana de Lisboa,ACeS Almada/Seixal,Continente,Área Metropolitana de Lisboa,1721510
1701511,Sesimbra,111,Sesimbra,Lisboa e Vale do Tejo,Área Metropolitana de Lisboa,ACeS Arrábida,Continente,Área Metropolitana de Lisboa,1721511
1701512,Setúbal,120.39,Setúbal,Lisboa e Vale do Tejo,Área Metropolitana de Lisboa,ACeS Arrábida,Continente,Área Metropolitana de Lisboa,1721512
1701111,Sintra,104.13,Sintra,Lisboa e Vale do Tejo,Área Metropolitana de Lisboa,ACeS Sintra,Continente,Área Metropolitana de Lisboa,1711111
1701114,Vila Franca de Xira,109.83,Vila Franca de Xira,Lisboa e Vale do Tejo,Área Metropolitana de Lisboa,ACeS Estuário do Tejo,Continente,Área Metropolitana de Lisboa,1711114
1811501,Alcácer do Sal,77.67,Alcácer do Sal,Alentejo,Alentejo Litoral,ULS Litoral Alentejano,Continente,Alentejo,1811501
1811505,Grândola,83.12,Grândola,Alentejo,Alentejo Litoral,ULS Litoral Alentejano,Continente,Alentejo,1811505
1810211,Odemira,65.35,Odemira,Alentejo,Alentejo Litoral,ULS Litoral Alentejano,Continente,Alentejo,1810211
1811509,Santiago do Cacém,94.82,Santiago do Cacém,Alentejo,Alentejo Litoral,ULS Litoral Alentejano,Continente,Alentejo,1811509
1811513,Sines,114.53,Sines,Alentejo,Alentejo Litoral,ULS Litoral Alentejano,Continente,Alentejo,1811513
1840201,Aljustrel,72.21,Aljustrel,Alentejo,Baixo Alentejo,ULS Baixo Alentejo,Continente,Alentejo,1840201
1840202,Almodôvar,65.79,Almodôvar,Alentejo,Baixo Alentejo,ULS Baixo Alentejo,Continente,Alentejo,1840202
1840203,Alvito,58.69,Alvito,Alentejo,Baixo Alentejo,ULS Baixo Alentejo,Continente,Alentejo,1840203
1840204,Barrancos,52.12,Barrancos,Alentejo,Baixo Alentejo,ULS Baixo Alentejo,Continente,Alentejo,1840204
1840205,Beja,108.06,Beja,Alentejo,Baixo Alentejo,ULS Baixo Alentejo,Continente,Alentejo,1840205
1840206,Castro Verde,71.68,Castro Verde,Alentejo,Baixo Alentejo,ULS Baixo Alentejo,Continente,Alentejo,1840206
1840207,Cuba,64.87,Cuba,Alentejo,Baixo Alentejo,ULS Baixo Alentejo,Continente,Alentejo,1840207
1840208,Ferreira do Alentejo,68.27,Ferreira do Alentejo,Alentejo,Baixo Alentejo,ULS Baixo Alentejo,Continente,Alentejo,1840208
1840209,Mértola,53.86,Mértola,Alentejo,Baixo Alentejo,ULS Baixo Alentejo,Continente,Alentejo,1840209
1840210,Moura,69.56,Moura,Alentejo,Baixo Alentejo,ULS Baixo Alentejo,Continente,Alentejo,1840210
1840212,Ourique,61.82,Ourique,Alentejo,Baixo Alentejo,ULS Baixo Alentejo,Continente,Alentejo,1840212
1840213,Serpa,64.27,Serpa,Alentejo,Baixo Alentejo,ULS Baixo Alentejo,Continente,Alentejo,1840213
1840214,Vidigueira,62.02,Vidigueira,Alentejo,Baixo Alentejo,ULS Baixo Alentejo,Continente,Alentejo,1840214
1851403,Almeirim,90.86,Almeirim,Lisboa e Vale do Tejo,Lezíria do Tejo,ACeS Lezíria,Continente,Alentejo,1851403
1851404,Alpiarça,75.47,Alpiarça,Lisboa e Vale do Tejo,Lezíria do Tejo,ACeS Lezíria,Continente,Alentejo,1851404
1851103,Azambuja,87.77,Azambuja,Lisboa e Vale do Tejo,Lezíria do Tejo,ACeS Estuário do Tejo,Continente,Alentejo,1851103
1851405,Benavente,106.62,Benavente,Lisboa e Vale do Tejo,Lezíria do Tejo,ACeS Estuário do Tejo,Continente,Alentejo,1851405
1851406,Cartaxo,95.8,Cartaxo,Lisboa e Vale do Tejo,Lezíria do Tejo,ACeS Lezíria,Continente,Alentejo,1851406
1851407,Chamusca,61.94,Chamusca,Lisboa e Vale do Tejo,Lezíria do Tejo,ACeS Lezíria,Continente,Alentejo,1851407
1851409,Coruche,73.09,Coruche,Lisboa e Vale do Tejo,Lezíria do Tejo,ACeS Lezíria,Continente,Alentejo,1851409
1851412,Golegã,78.68,Golegã,Lisboa e Vale do Tejo,Lezíria do Tejo,ACeS Lezíria,Continente,Alentejo,1851412
1851414,Rio Maior,84.49,Rio Maior,Lisboa e Vale do Tejo,Lezíria do Tejo,ACeS Lezíria,Continente,Alentejo,1851414
1851415,Salvaterra de Magos,80.52,Salvaterra de Magos,Lisboa e Vale do Tejo,Lezíria do Tejo,ACeS Lezíria,Continente,Alentejo,1851415
1851416,Santarém,99.2,Santarém,Lisboa e Vale do Tejo,Lezíria do Tejo,ACeS Lezíria,Continente,Alentejo,1851416
1861201,Alter do Chão,73.6,Alter do Chão,Alentejo,Alto Alentejo,ULS Norte Alentejano,Continente,Alentejo,1821201
1861202,Arronches,59.3,Arronches,Alentejo,Alto Alentejo,ULS Norte Alentejano,Continente,Alentejo,1821202
1861203,Avis,59.96,Avis,Alentejo,Alto Alentejo,ULS Norte Alentejano,Continente,Alentejo,1821203
1861204,Campo Maior,91.32,Campo Maior,Alentejo,Alto Alentejo,ULS Norte Alentejano,Continente,Alentejo,1821204
1861205,Castelo de Vide,69.31,Castelo de Vide,Alentejo,Alto Alentejo,ULS Norte Alentejano,Continente,Alentejo,1821205
1861206,Crato,69.36,Crato,Alentejo,Alto Alentejo,ULS Norte Alentejano,Continente,Alentejo,1821206
1861207,Elvas,90.19,Elvas,Alentejo,Alto Alentejo,ULS Norte Alentejano,Continente,Alentejo,1821207
1861208,Fronteira,76.3,Fronteira,Alentejo,Alto Alentejo,ULS Norte Alentejano,Continente,Alentejo,1821208
1861209,Gavião,58.92,Gavião,Alentejo,Alto Alentejo,ULS Norte Alentejano,Continente,Alentejo,1821209
1861210,Marvão,59.33,Marvão,Alentejo,Alto Alentejo,ULS Norte Alentejano,Continente,Alentejo,1821210
1861211,Monforte,63.34,Monforte,Alentejo,Alto Alentejo,ULS Norte Alentejano,Continente,Alentejo,1821211
1861212,Nisa,67.14,Nisa,Alentejo,Alto Alentejo,ULS Norte Alentejano,Continente,Alentejo,1821212
1861213,Ponte de Sor,75.51,Ponte de Sor,Alentejo,Alto Alentejo,ULS Norte Alentejano,Continente,Alentejo,1821213
1861214,Portalegre,106.52,Portalegre,Alentejo,Alto Alentejo,ULS Norte Alentejano,Continente,Alentejo,1821214
1861215,Sousel,64.02,Sousel,Alentejo,Alto Alentejo,ULS Norte Alentejano,Continente,Alentejo,1831215
1870701,Alandroal,54.78,Alandroal,Alentejo,Alentejo Central,ACeS Alentejo Central,Continente,Alentejo,1830701
1870702,Arraiolos,65.85,Arraiolos,Alentejo,Alentejo Central,ACeS Alentejo Central,Continente,Alentejo,1830702
1870703,Borba,69.4,Borba,Alentejo,Alentejo Central,ACeS Alentejo Central,Continente,Alentejo,1830703
1870704,Estremoz,81.78,Estremoz,Alentejo,Alentejo Central,ACeS Alentejo Central,Continente,Alentejo,1830704
1870705,Évora,117.48,Évora,Alentejo,Alentejo Central,ACeS Alentejo Central,Continente,Alentejo,1830705
1870706,Montemor-o-Novo,80.04,Montemor-o-Novo,Alentejo,Alentejo Central,ACeS Alentejo Central,Continente,Alentejo,1830706
1870707,Mora,68.68,Mora,Alentejo,Alentejo Central,ACeS Alentejo Central,Continente,Alentejo,1820707
1870708,Mourão,51.61,Mourão,Alentejo,Alentejo Central,ACeS Alentejo Central,Continente,Alentejo,1830708
1870709,Portel,55.47,Portel,Alentejo,Alentejo Central,ACeS Alentejo Central,Continente,Alentejo,1830709
1870710,Redondo,64.63,Redondo,Alentejo,Alentejo Central,ACeS Alentejo Central,Continente,Alentejo,1830710
1870711,Reguengos de Monsaraz,80.11,Reguengos de Monsaraz,Alentejo,Alentejo Central,ACeS Alentejo Central,Continente,Alentejo,1830711
1870712,Vendas Novas,92.24,Vendas Novas,Alentejo,Alentejo Central,ACeS Alentejo Central,Continente,Alentejo,1830712
1870713,Viana do Alentejo,68.14,Viana do Alentejo,Alentejo,Alentejo Central,ACeS Alentejo Central,Continente,Alentejo,1830713
1870714,Vila Viçosa,81.85,Vila Viçosa,Alentejo,Alentejo Central,ACeS Alentejo Central,Continente,Alentejo,1830714
1500801,Albufeira,138.17,Albufeira,Algarve,Algarve,ACeS Central,Continente,Algarve,1500801
1500802,Alcoutim,48.92,Alcoutim,Algarve,Algarve,ACeS Sotavento,Continente,Algarve,1500802
1500803,Aljezur,69.35,Aljezur,Algarve,Algarve,ACeS Barlavento,Continente,Algarve,1500803
1500804,Castro Marim,83.28,Castro Marim,Algarve,Algarve,ACeS Sotavento,Continente,Algarve,1500804
1500805,Faro,144.87,Faro,Algarve,Algarve,ACeS Central,Continente,Algarve,1500805
1500806,Lagoa,100.33,Lagoa,Algarve,Algarve,ACeS Barlavento,Continente,Algarve,1500806
1500807,Lagos,124.29,Lagos,Algarve,Algarve,ACeS Barlavento,Continente,Algarve,1500807
1500808,Loulé,122.98,Loulé,Algarve,Algarve,ACeS Central,Continente,Algarve,1500808
1500809,Monchique,56.22,Monchique,Algarve,Algarve,ACeS Barlavento,Continente,Algarve,1500809
1500810,Olhão,93.65,Olhão,Algarve,Algarve,ACeS Central,Continente,Algarve,1500810
1500811,Portimão,124.36,Portimão,Algarve,Algarve,ACeS Barlavento,Continente,Algarve,1500811
1500812,São Brás de Alportel,84.53,São Brás de Alportel,Algarve,Algarve,ACeS Central,Continente,Algarve,1500812
1500813,Silves,84.3,Silves,Algarve,Algarve,ACeS Barlavento,Continente,Algarve,1500813
1500814,Tavira,93.7,Tavira,Algarve,Algarve,ACeS Sotavento,Continente,Algarve,1500814
1500815,Vila do Bispo,75.32,Vila do Bispo,Algarve,Algarve,ACeS Barlavento,Continente,Algarve,1500815
1500816,Vila Real de Santo António,106.52,Vila Real de Santo António,Algarve,Algarve,ACeS Sotavento,Continente,Algarve,1500816
2004301,Angra do Heroísmo,86.57,Angra do Heroísmo,Açores,Região Autónoma dos Açores,USI Terceira,Região Autónoma dos Açores,Região Autónoma dos Açores,2004301
2004501,Calheta,73.62,Calheta [R.A. Açores],Açores,Região Autónoma dos Açores,USI São Jorge,Região Autónoma dos Açores,Região Autónoma dos Açores,2004501
2004901,Corvo,49.72,Corvo,Açores,Região Autónoma dos Açores,USI Corvo,Região Autónoma dos Açores,Região Autónoma dos Açores,2004901
2004701,Horta,86.46,Horta,Açores,Região Autónoma dos Açores,USI Faial,Região Autónoma dos Açores,Região Autónoma dos Açores,2004701
2004201,Lagoa,68.45,Lagoa [R.A. Açores],Açores,Região Autónoma dos Açores,USI São Miguel,Região Autónoma dos Açores,Região Autónoma dos Açores,2004201
2004801,Lajes das Flores,56.19,Lajes das Flores,Açores,Região Autónoma dos Açores,USI Flores,Região Autónoma dos Açores,Região Autónoma dos Açores,2004801
2004601,Lajes do Pico,60.37,Lajes do Pico,Açores,Região Autónoma dos Açores,USI Pico,Região Autónoma dos Açores,Região Autónoma dos Açores,2004601
2004602,Madalena,70.96,Madalena,Açores,Região Autónoma dos Açores,USI Pico,Região Autónoma dos Açores,Região Autónoma dos Açores,2004602
2004202,Nordeste,48.52,Nordeste,Açores,Região Autónoma dos Açores,USI São Miguel,Região Autónoma dos Açores,Região Autónoma dos Açores,2004202
2004203,Ponta Delgada,109.54,Ponta Delgada,Açores,Região Autónoma dos Açores,USI São Miguel,Região Autónoma dos Açores,Região Autónoma dos Açores,2004203
2004204,Povoação,52.48,Povoação,Açores,Região Autónoma dos Açores,USI São Miguel,Região Autónoma dos Açores,Região Autónoma dos Açores,2004204
2004205,Ribeira Grande,63.68,Ribeira Grande,Açores,Região Autónoma dos Açores,USI São Miguel,Região Autónoma dos Açores,Região Autónoma dos Açores,2004205
2004401,Santa Cruz da Graciosa,58.35,Santa Cruz da Graciosa,Açores,Região Autónoma dos Açores,USI Graciosa,Região Autónoma dos Açores,Região Autónoma dos Açores,2004401
2004802,Santa Cruz das Flores,71.73,Santa Cruz das Flores,Açores,Região Autónoma dos Açores,USI Flores,Região Autónoma dos Açores,Região Autónoma dos Açores,2004802
2004603,São Roque do Pico,64.59,São Roque do Pico,Açores,Região Autónoma dos Açores,USI Pico,Região Autónoma dos Açores,Região Autónoma dos Açores,2004603
2004502,Velas,63.49,Velas,Açores,Região Autónoma dos Açores,USI São Jorge,Região Autónoma dos Açores,Região Autónoma dos Açores,2004502
2004302,Vila da Praia da Vitória,77.11,Vila da Praia da Vitória,Açores,Região Autónoma dos Açores,USI Terceira,Região Autónoma dos Açores,Região Autónoma dos Açores,2004302
2004101,Vila do Porto,80.55,Vila do Porto,Açores,Região Autónoma dos Açores,USI Santa Maria,Região Autónoma dos Açores,Região Autónoma dos Açores,2004101
2004206,Vila Franca do Campo,55.89,Vila Franca do Campo,Açores,Região Autónoma dos Açores,USI São Miguel,Região Autónoma dos Açores,Região Autónoma dos Açores,2004206
3003101,Calheta,57.95,Calheta [R.A. Madeira],Madeira,Região Autónoma da Madeira,ACeS Madeira Oeste,Região Autónoma da Madeira,Região Autónoma da Madeira,3003101
3003102,Câmara de Lobos,54.4,Câmara de Lobos,Madeira,Região Autónoma da Madeira,ACeS Madeira Oeste,Região Autónoma da Madeira,Região Autónoma da Madeira,3003102
3003103,Funchal,134.27,Funchal,Madeira,Região Autónoma da Madeira,ACeS Funchal,Região Autónoma da Madeira,Região Autónoma da Madeira,3003103
3003104,Machico,67.95,Machico,Madeira,Região Autónoma da Madeira,ACeS Madeira Este,Região Autónoma da Madeira,Região Autónoma da Madeira,3003104
3003105,Ponta do Sol,58.13,Ponta do Sol,Madeira,Região Autónoma da Madeira,ACeS Madeira Oeste,Região Autónoma da Madeira,Região Autónoma da Madeira,3003105
3003106,Porto Moniz,53.69,Porto Moniz,Madeira,Região Autónoma da Madeira,ACeS Madeira Oeste,Região Autónoma da Madeira,Região Autónoma da Madeira,3003106
3003201,Porto Santo,124.09,Porto Santo,Madeira,Região Autónoma da Madeira,ACeS Porto Santo,Região Autónoma da Madeira,Região Autónoma da Madeira,3003201
3003107,Ribeira Brava,67.99,Ribeira Brava,Madeira,Região Autónoma da Madeira,ACeS Madeira Oeste,Região Autónoma da Madeira,Região Autónoma da Madeira,3003107
3003108,Santa Cruz,99.22,Santa Cruz,Madeira,Região Autónoma da Madeira,ACeS Madeira Este,Região Autónoma da Madeira,Região Autónoma da Madeira,3003108
3003109,Santana,51.2,Santana,Madeira,Região Autónoma da Madeira,ACeS Madeira Este,Região Autónoma da Madeira,Região Autónoma da Madeira,3003109
3003110,São Vicente,55.63,São Vicente,Madeira,Região Autónoma da Madeira,ACeS Madeira Oeste,Região Autónoma da Madeira,Região Autónoma da Madeira,3003110
